{"Accelerometer": [-0.15966796875, 0.02490234375, 0.95947265625]}"\\n\\"{"Temperature": 21.200744628906243}"\\n\\"{"Accelerometer": [0.34765625, -0.16015625, 0.979248046875]}"\\n\\"{"Temperature": 21.95150146484375}"\\n\\"{"Accelerometer": [-0.746826171875, -0.06298828125, 0.542724609375]}"\\n\\"{"Temperature": 23.453015136718754}"\\n\\"{"Accelerometer": [-0.82177734375, -0.049560546875, 0.434326171875]}"\\n\\"{"Temperature": 24.09652099609375}"\\n\\"{"Accelerometer": [-0.1435546875, 0.039794921875, 0.964599609375]}"\\n\\"{"Temperature": 23.120537109375}"\\n\\"{"Accelerometer": [-0.142578125, 0.015869140625, 0.952880859375]}"\\n\\"{"Temperature": 22.948935546875}"\\n\\"{"Accelerometer": [-0.1640625, 0.0400390625, 0.95751953125]}"\\n\\"{"Temperature": 22.916760253906254}"\\n\\"{"Accelerometer": [-0.16357421875, 0.0439453125, 0.95068359375]}"\\n\\"{"Temperature": 22.777333984374998}"\\n\\"