{"Accelerometer": [-0.131103515625, 0.02734375, 0.96240234375]}"\\n\\"{"Temperature": 22.21962890625}"\\n\\"{"Accelerometer": [-0.134521484375, 0.027099609375, 0.9599609375]}"\\n\\"{"Temperature": 22.198178710937505}"\\n\\"{"Accelerometer": [-0.133056640625, 0.021728515625, 0.96337890625]}"\\n\\"{"Temperature": 22.21962890625}"\\n\\"{"Accelerometer": [-0.13232421875, 0.017822265625, 0.97900390625]}"\\n\\"{"Temperature": 22.198178710937505}"\\n\\"{"Accelerometer": [-0.130859375, 0.025634765625, 0.975341796875]}"\\n\\"{"Temperature": 22.21962890625}"\\n\\"{"Accelerometer": [-0.1279296875, 0.02685546875, 0.980712890625]}"\\n\\"{"Temperature": 22.198178710937505}"\\n\\"{"Accelerometer": [-0.131591796875, 0.026123046875, 0.983154296875]}"\\n\\"{"Temperature": 22.208903808593753}"\\n\\"{"Accelerometer": [-0.135009765625, 0.02978515625, 0.98046875]}"\\n\\"{"Temperature": 22.198178710937505}"\\n\\"