{"Accelerometer": [-0.15380859375, 0.02685546875, 0.966796875]}"\\n\\"{"Temperature": 22.573557128906252}"\\n\\"{"Accelerometer": [-0.1455078125, 0.02734375, 0.960205078125]}"\\n\\"{"Temperature": 22.59500732421875}"\\n\\"{"Accelerometer": [-0.14599609375, 0.0146484375, 0.951416015625]}"\\n\\"{"Temperature": 22.59500732421875}"\\n\\"{"co2_air_qual": [400, 0]}"\\n\\"{"Accelerometer": [-0.14892578125, 0.008056640625, 0.95751953125]}"\\n\\"{"Temperature": 22.605732421874997}"\\n\\"{"co2_air_qual": [400, 0]}"\\n\\"{"Accelerometer": [-0.16650390625, 0.010009765625, 0.960693359375]}"\\n\\"{"Temperature": 22.616457519531245}"\\n\\"{"co2_air_qual": [400, 0]}"\\n\\"{"Accelerometer": [-0.152587890625, 0.011474609375, 0.961181640625]}"\\n\\"{"Temperature": 22.59500732421875}"\\n\\"{"co2_air_qual": [400, 0]}"\\n\\"{"Accelerometer": [-0.150634765625, 0.0107421875, 0.9541015625]}"\\n\\"{"Temperature": 22.5842822265625}"\\n\\"