{"Accelerometer": [-0.142822265625, 0.009765625, 0.95703125]}"\\n\\"{"Temperature": 22.616457519531245}"\\n\\"{"co2_air_qual": [400, 0]}"\\n\\"{"Accelerometer": [-0.1494140625, 0.022705078125, 0.965087890625]}"\\n\\"{"Temperature": 22.616457519531245}"\\n\\"{"co2_air_qual": [400, 0]}"\\n\\"{"Accelerometer": [-0.14404296875, 0.013916015625, 0.96142578125]}"\\n\\"{"Temperature": 22.627182617187493}"\\n\\"{"co2_air_qual": [400, 0]}"\\n\\"{"Accelerometer": [-0.14697265625, 0.0302734375, 0.956787109375]}"\\n\\"{"Temperature": 22.59500732421875}"\\n\\"{"co2_air_qual": [400, 0]}"\\n\\"{"Accelerometer": [-0.147705078125, 0.00048828125, 0.956787109375]}"\\n\\"{"Temperature": 22.573557128906252}"\\n\\"{"co2_air_qual": [400, 0]}"\\n\\"{"Accelerometer": [-0.150146484375, 0.00048828125, 0.96240234375]}"\\n\\"{"Temperature": 22.59500732421875}"\\n\\"{"co2_air_qual": [400, 0]}"\\n\\"{"Accelerometer": [-0.143310546875, 0.00244140625, 0.980712890625]}"\\n\\"{"Temperature": 22.605732421874997}"\\n\\"{"co2_air_qual": [400, 0]}"\\n\\"{"Accelerometer": [-0.14892578125, 0.00146484375, 0.967041015625]}"\\n\\"{"Temperature": 22.616457519531245}"\\n\\"{"Accelerometer": [0.007080078125, 0.15576171875, 0.959228515625]}
{"Temperature": 23.099086914062504}
{"Accelerometer": [0.009033203125, 0.14111328125, 0.968994140625]}
{"Temperature": 23.099086914062504}
{"Accelerometer": [0.002197265625, 0.1669921875, 0.971435546875]}
{"Temperature": 23.099086914062504}
{"Accelerometer": [0.007080078125, 0.14111328125, 0.96142578125]}
{"Temperature": 23.109812011718752}
{"Accelerometer": [0.003662109375, 0.16845703125, 0.9814453125]}
{"Temperature": 23.109812011718752}
{"Accelerometer": [0.009521484375, 0.14208984375, 0.959228515625]}
{"Temperature": 23.08836181640624}
{"Accelerometer": [0.00390625, 0.167236328125, 0.9716796875]}
{"Temperature": 23.099086914062504}
{"Accelerometer": [0.005859375, 0.168701171875, 0.971435546875]}
{"Temperature": 23.099086914062504}
{"Accelerometer": [0.00439453125, 0.140625, 0.955078125]}
{"Temperature": 23.099086914062504}
{"Accelerometer": [0.0087890625, 0.14599609375, 0.960205078125]}
{"Temperature": 23.099086914062504}
{"Accelerometer": [0.00732421875, 0.15771484375, 0.978759765625]}
{"Temperature": 23.056186523437496}
{"Accelerometer": [0.008056640625, 0.145751953125, 0.9755859375]}
{"Temperature": 23.099086914062504}
{"Accelerometer": [0.007568359375, 0.143310546875, 0.97216796875]}
{"Temperature": 23.099086914062504}
{"Accelerometer": [0.0029296875, 0.140625, 0.97607421875]}
{"Temperature": 23.08836181640624}
{"Accelerometer": [0.0068359375, 0.142333984375, 0.971435546875]}
{"Temperature": 23.099086914062504}
{"Accelerometer": [0.001220703125, 0.158203125, 0.957275390625]}
{"Temperature": 23.099086914062504}
{"Accelerometer": [0.006103515625, 0.16015625, 0.97216796875]}
{"Temperature": 23.109812011718752}
{"Accelerometer": [0.003173828125, 0.14794921875, 0.953125]}
{"Temperature": 22.948935546875}
{"Accelerometer": [0.004150390625, 0.15869140625, 0.97021484375]}
{"Temperature": 22.93821044921875}
{"Accelerometer": [0.005126953125, 0.157958984375, 0.97802734375]}
{"Temperature": 22.93821044921875}
{"Accelerometer": [-0.01025390625, 0.160888671875, 0.9794921875]}
{"Temperature": 22.93821044921875}
{"Accelerometer": [0.0, 0.16162109375, 0.971923828125]}
{"Temperature": 22.948935546875}
{"Accelerometer": [0.00244140625, 0.157958984375, 0.955078125]}
{"Temperature": 22.927485351562503}
{"Accelerometer": [0.001220703125, 0.169921875, 0.975341796875]}
{"Temperature": 22.90603515624999}
{"Accelerometer": [0.004638671875, 0.156005859375, 0.971435546875]}
{"Temperature": 22.927485351562503}
{"Accelerometer": [-0.00927734375, 0.14599609375, 0.973876953125]}
{"Temperature": 22.927485351562503}
{"Accelerometer": [-0.010009765625, 0.14501953125, 0.974609375]}
{"Temperature": 22.90603515624999}
{"Accelerometer": [-0.01416015625, 0.15673828125, 0.970947265625]}
{"Temperature": 22.90603515624999}
{"co2_air_qual": null}
{"co2_air_qual": null}
{"co2_air_qual": null}
{"co2_air_qual": null}
{"co2_air_qual": null}
{"co2_air_qual": null}
{"co2_air_qual": null}
{"co2_air_qual": [400, 0]}
{"co2_air_qual": null}
{"co2_air_qual": null}
{"co2_air_qual": [441, 6]}
{"co2_air_qual": [466, 10]}
{"co2_air_qual": [482, 12]}
{"co2_air_qual": [486, 13]}
{"co2_air_qual": [486, 13]}
{"co2_air_qual": [492, 14]}
{"co2_air_qual": [492, 14]}
{"co2_air_qual": [1659, 297]}
