{"Accelerometer": [-0.115478515625, 0.01904296875, 0.9658203125]}"\\n\\"{"Temperature": 22.745158691406253}"\\n\\"{"Accelerometer": [-0.1494140625, 0.0283203125, 0.96533203125]}"\\n\\"{"Temperature": 22.734433593750005}"\\n\\"{"Accelerometer": [-0.1279296875, 0.037841796875, 0.981201171875]}"\\n\\"{"Temperature": 22.745158691406253}"\\n\\"{"Accelerometer": [-0.119873046875, 0.045166015625, 0.957763671875]}"\\n\\"{"Temperature": 22.723708496093742}"\\n\\"{"Accelerometer": [-0.1376953125, 0.025146484375, 0.953369140625]}"\\n\\"{"Temperature": 22.734433593750005}"\\n\\"{"Accelerometer": [-0.1318359375, 0.029541015625, 0.976318359375]}"\\n\\"{"Accelerometer": [-0.126953125, 0.03369140625, 0.967041015625]}"\\n\\"{"Temperature": 22.948935546875}"\\n\\"{"Accelerometer": [-0.12744140625, 0.02978515625, 0.966796875]}"\\n\\"{"Temperature": 22.93821044921875}"\\n\\"{"Accelerometer": [-0.1376953125, 0.019287109375, 0.95556640625]}"\\n\\"{"Temperature": 22.927485351562503}"\\n\\"{"Accelerometer": [-0.126220703125, 0.02734375, 0.96435546875]}"\\n\\"{"Temperature": 22.927485351562503}"\\n\\"{"Accelerometer": [-0.134033203125, 0.023193359375, 0.9677734375]}"\\n\\"{"Temperature": 22.93821044921875}"\\n\\"{"Accelerometer": [-0.12841796875, 0.04248046875, 0.974365234375]}"\\n\\"{"Temperature": 22.927485351562503}"\\n\\"{"Accelerometer": [-0.130126953125, 0.03125, 0.962158203125]}"\\n\\"{"Temperature": 22.916760253906254}"\\n\\"{"Accelerometer": [-0.128173828125, 0.0244140625, 0.962646484375]}"\\n\\"{"Temperature": 22.93821044921875}"\\n\\"