{"temperatures": [62.5333740234375]}{"temperatures": [62.5333740234375, 62.5333740234375]}{"temperatures": [62.5333740234375, 62.5333740234375, 62.5333740234375]}{"temperatures": [62.5333740234375, 62.5333740234375, 62.5333740234375, 62.5333740234375]}{"temperatures": [62.5333740234375, 62.5333740234375, 62.5333740234375, 62.5333740234375, 62.522648925781255]}{"temperatures": [62.5333740234375, 62.5333740234375, 62.5333740234375, 62.5333740234375, 62.522648925781255, 62.54409912109375]}{"temperatures": [62.5333740234375, 62.5333740234375, 62.5333740234375, 62.5333740234375, 62.522648925781255, 62.54409912109375, 62.54409912109375]}{"temperatures": [62.5333740234375, 62.5333740234375, 62.5333740234375, 62.5333740234375, 62.522648925781255, 62.54409912109375, 62.54409912109375, 62.5333740234375]}{"temperatures": [62.5333740234375, 62.5333740234375, 62.5333740234375, 62.5333740234375, 62.522648925781255, 62.54409912109375, 62.54409912109375, 62.5333740234375, 62.5333740234375]}{"temperatures": [62.5333740234375, 62.5333740234375, 62.5333740234375, 62.5333740234375, 62.522648925781255, 62.54409912109375, 62.54409912109375, 62.5333740234375, 62.5333740234375, 62.522648925781255]}{"temperatures": [62.5333740234375, 62.5333740234375, 62.5333740234375, 62.5333740234375, 62.522648925781255, 62.54409912109375, 62.54409912109375, 62.5333740234375, 62.5333740234375, 62.522648925781255, 62.522648925781255]}{"temperatures": [62.5333740234375, 62.5333740234375, 62.5333740234375, 62.5333740234375, 62.522648925781255, 62.54409912109375, 62.54409912109375, 62.5333740234375, 62.5333740234375, 62.522648925781255, 62.522648925781255, 62.5333740234375]}{"temperatures": [62.5333740234375, 62.5333740234375, 62.5333740234375, 62.5333740234375, 62.522648925781255, 62.54409912109375, 62.54409912109375, 62.5333740234375, 62.5333740234375, 62.522648925781255, 62.522648925781255, 62.5333740234375, 62.5333740234375]}{"temperatures": [62.5333740234375, 62.5333740234375, 62.5333740234375, 62.5333740234375, 62.522648925781255, 62.54409912109375, 62.54409912109375, 62.5333740234375, 62.5333740234375, 62.522648925781255, 62.522648925781255, 62.5333740234375, 62.5333740234375, 62.522648925781255]}{"temperatures": [62.5333740234375, 62.5333740234375, 62.5333740234375, 62.5333740234375, 62.522648925781255, 62.54409912109375, 62.54409912109375, 62.5333740234375, 62.5333740234375, 62.522648925781255, 62.522648925781255, 62.5333740234375, 62.5333740234375, 62.522648925781255, 62.5333740234375]}